#QueryTime	UserID	Query	ItemRank	ClickURL
2008-11-13 00:01:30	2289203	kitchen counter in new orleans	10	http://www.era.com
2008-11-13 00:01:30	2289203	kitchen counter in new orleans	4	http://www.superpages.com
2008-11-13 00:01:30	2289203	kitchen counter in new orleans	5	http://www.superpages.com
2008-11-13 00:01:31	1958633	beads amethyst gemstone	1	http://www.gemsbiz.com
2008-11-13 00:01:31	3496052	chat		
2008-11-13 00:01:33	892003	photo example quarter doubled die coin	5	http://www.coinresource.com
2008-11-13 00:01:33	892003	photo example quarter doubled die coin	5	http://www.coinresource.com
2008-11-13 00:01:35	2251112	radio stations in buffalo	1	http://www.ontheradio.net
2008-11-13 00:01:37	1274922	fafsa renewal	1	http://www.fafsa.ed.gov
2008-11-13 00:01:37	1274922	fafsa renewal	1	http://www.fafsa.ed.gov
2008-11-13 00:01:37	441978	find phone numbers	1	http://www.anywho.com
2008-11-13 00:01:37	441978	find phone numbers	3	http://www.411.com
2008-11-13 00:01:38	2185833	dickinson poem contradicts age of reason		
2008-11-13 00:01:38	3396305	www.e-zpass.com		
2008-11-13 00:01:39	1492683	finding a volunteer position		
2008-11-13 00:01:39	2764185	plays perry cox wife scrubs	9	http://www.reference.com
2008-11-13 00:01:39	492002	richard d. vogelsang chattanooga		
2008-11-13 00:01:40	1211147	new adventures in hi-fi	1	http://www.amazon.com
2008-11-13 00:01:40	2185833	dickinson poem contradicts age of reason		
2008-11-13 00:01:42	1867905	msn com		
2008-11-13 00:01:44	1534134	-		
2008-11-13 00:01:44	1969510	lyrics on demand	1	http://www.lyricsondemand.com
2008-11-13 00:01:44	1969510	lyrics on demand	1	http://www.lyricsondemand.com
2008-11-13 00:01:44	1969510	lyrics on demand	2	http://www.lyrics-on-demand.com
2008-11-13 00:01:45	2499349	hotmail		
2008-11-13 00:01:47	1433742	24 hour wow leveling... 20		
2008-11-13 00:01:49	2957680	homestore.inc		
2008-11-13 00:01:50	203378	allen texis		
2008-11-13 00:01:50	2126555	wynkoop brokers	2	http://www.realestatequickly.com
2008-11-13 00:01:52	22542	www.bethelnation.com		
2008-11-13 00:01:52	588648	rental mls		
2008-11-13 00:01:53	2475680	www.dmvca.gov		
2008-11-13 00:01:53	3389643	www.uabhealthsystems.com		
2008-11-13 00:01:54	1162796	make a astronaut costume from items at home	21	http://www.sbgmusic.com
2008-11-13 00:01:54	1671819	www.somecodes.com	5	http://www.blogskins.com
2008-11-13 00:01:56	2030955	terrier mix rescue	1	http://www.fpv.com
2008-11-13 00:01:56	2030955	terrier mix rescue	2	http://aarescue.org
2008-11-13 00:02:01	1316084	trellis as wall decor		
2008-11-13 00:02:02	1499659	ohio medical card	1	http://jfs.ohio.gov
2008-11-13 00:02:02	3470914	go		
2008-11-13 00:02:03	1072578	weatther	1	http://daciel.da.funpic.de
2008-11-13 00:02:03	2364922	dryer balls		
2008-11-13 00:02:03	3524271	smith and barney	1	http://www.smithbarney.com
2008-11-13 00:02:05	2420729	episcopal retirement homes birmingham alabama	1	http://www.retirementhomes.com
2008-11-13 00:02:08	936326	abc	1	http://abc.go.com
2008-11-13 00:02:10	1196769	zip codes		
2008-11-13 00:02:11	2060958	high resolution professional photos	6	http://www.ablestock.com
2008-11-13 00:02:12	1266142	www.melrose california hotels		
2008-11-13 00:02:13	1969336	galls	1	http://www.galls.com
2008-11-13 00:02:17	1669469	webe web	2	http://www.wired.com
2008-11-13 00:02:17	1669469	webe web	5	http://www.nbc6.net
2008-11-13 00:02:17	1669469	webe web	8	http://www.daisy-model.com
2008-11-13 00:02:18	203378	allen texas		
2008-11-13 00:02:20	605089	dachsunds or sale in conroe texas	2	http://www.houstonzone.org
2008-11-13 00:02:20	605089	dachsunds or sale in conroe texas	4	http://www.hoobly.com
2008-11-13 00:02:20	605089	dachsunds or sale in conroe texas	5	http://conroe-tx.ziply.com
2008-11-13 00:02:20	605089	dachsunds or sale in conroe texas	5	http://conroe-tx.ziply.com
2008-11-13 00:02:21	3119121	carlito's angels	47	http://www.cinemanow.com
2008-11-13 00:02:22	1293475	www.socialsecurity.gov gov retire2 delavret.htm		
2008-11-13 00:02:22	3389643	uabhealthsystems.com		
2008-11-13 00:02:25	1958633	beads amethyst gemstone wholesale		
2008-11-13 00:02:25	2744668	www.chahuahua.net		
2008-11-13 00:02:25	713071	free tickets to zoo for military	1	http://www.sandiegozoo.org
2008-11-13 00:02:26	1433742	1 day powerlevleing wow		
2008-11-13 00:02:26	3074372	cherry animated		
2008-11-13 00:02:27	861363	4-h catalog		
2008-11-13 00:02:28	3265859	book spiritual awakening by darsnan singh		
2008-11-13 00:02:30	3484937	gucci sneakers	1	http://www.raffaello-network.com
2008-11-13 00:02:30	3484937	gucci sneakers	3	http://nbc.shopthescene.com
2008-11-13 00:02:30	3484937	gucci sneakers	5	http://shopping.yahoo.com
2008-11-13 00:02:31	3312059	nude	1	http://www.photographysites.com
2008-11-13 00:02:32	1072578	weather		
2008-11-13 00:02:32	203378	allen texas zip code		
2008-11-13 00:02:32	2475680	california department of motor vehicles		
2008-11-13 00:02:32	3525967	unity		
2008-11-13 00:02:35	2957680	virtual tour		
2008-11-13 00:02:35	997779	parisians		
2008-11-13 00:02:36	2957175	sirius.com		
2008-11-13 00:02:37	2094455	www.h		
2008-11-13 00:02:37	2722541	gamespot.com	1	http://www.gamespot.com
2008-11-13 00:02:38	2057661	desmoinesregister		
2008-11-13 00:02:38	2957680	virtual tour	6	http://www.visualtour.com
2008-11-13 00:02:39	1978780	ixora shrub	24	http://www.rockledgegardens.com
2008-11-13 00:02:39	3074372	cherry animated		
2008-11-13 00:02:41	1082546	becton dickenson	1	http://www.bd.com
2008-11-13 00:02:41	1082546	becton dickenson	1	http://www.bd.com
2008-11-13 00:02:42	861363	4-h jackets	1	http://www.showjacket.com
2008-11-13 00:02:49	3443859	free trek tricorder		
2008-11-13 00:02:51	2758820	teaching tips	11	http://www.psychologicalscience.org
2008-11-13 00:02:51	515360	giant leaf basil plant	4	http://www.kitchengardenseeds.com
2008-11-13 00:02:51	515360	giant leaf basil plant	9	http://www.gmtransplants.com
2008-11-13 00:02:52	1636218	www.airtime500.com	1	http://www.airtime500.com
2008-11-13 00:02:52	1636218	www.airtime500.com	2	http://www.airtime500.com
2008-11-13 00:02:53	3074372	cherry animated		
2008-11-13 00:02:54	2424407	magic onlien		
2008-11-13 00:02:59	1433742	wow powerleveling 1 day	1	http://www.power-leveling.com
2008-11-13 00:02:59	1433742	wow powerleveling 1 day	2	http://www.power-leveling.com
2008-11-13 00:02:59	1433742	wow powerleveling 1 day	3	http://worldofwarcraftpowerleveling.com
2008-11-13 00:02:59	1433742	wow powerleveling 1 day	4	http://www.vc4g.com
2008-11-13 00:02:59	1433742	wow powerleveling 1 day	6	http://cgi.ebay.co.uk
2008-11-13 00:02:59	1433742	wow powerleveling 1 day	7	http://www.power-levels.com
2008-11-13 00:02:59	1551283	zabasearch		
2008-11-13 00:03:02	1205043	sasha cohen	1	http://www.sashacohen.com
2008-11-13 00:03:02	960849	hotels-port charlotte	1	http://www.milford.co.uk
2008-11-13 00:03:03	2445419	colombianos en mexico	11	http://esp.mexico.com
2008-11-13 00:03:03	2445419	colombianos en mexico	14	http://www.quehubo.com
2008-11-13 00:03:04	1705018	hpi savage hopups	25	http://www.rcxshop.com
2008-11-13 00:03:04	2272416	theunorthodoxjew.blogspot.com	1	http://theunorthodoxjew.blogspot.com
2008-11-13 00:03:05	172627	www.yahoolagins.com		
2008-11-13 00:03:05	2126555	msn	1	http://www.msn.com
2008-11-13 00:03:06	2424407	magic	1	http://www.wizards.com
2008-11-13 00:03:06	2655268	slingo		
2008-11-13 00:03:08	1110277	korea		
2008-11-13 00:03:08	2569723	www.homesforsale		
2008-11-13 00:03:12	1492683	finding a volunteer position		
2008-11-13 00:03:13	50588	redirect.virtumundo.com		
2008-11-13 00:03:15	713071	liver transplants	1	http://www.liverfoundation.org
2008-11-13 00:03:17	1902465	howstuffworks		
2008-11-13 00:03:17	369340	love quotes	1	http://www.lovepoemsandquotes.com
2008-11-13 00:03:17	369340	love quotes	1	http://www.lovepoemsandquotes.com
2008-11-13 00:03:19	570599	summit racing.com	1	http://www.summitracing.com
2008-11-13 00:03:20	1876949	james langston hughes	1	http://www.redhotjazz.com
2008-11-13 00:03:20	1876949	james langston hughes	2	http://www.kirjasto.sci.fi
2008-11-13 00:03:20	1876949	james langston hughes	3	http://www.pbs.org
2008-11-13 00:03:20	1876949	james langston hughes	4	http://www.ku.edu
2008-11-13 00:03:20	1876949	james langston hughes	5	http://www.answers.com
2008-11-13 00:03:23	1196769	zip codes	1	http://www.usps.com
2008-11-13 00:03:23	669169	singles chat	1	http://www.chat-avenue.com
2008-11-13 00:03:24	2711789	language translations		
2008-11-13 00:03:27	2889338	can a person take ginsing with laxapro		
2008-11-13 00:03:27	3443859	free trek tricorder sound		
2008-11-13 00:03:30	339206	pictures of a 303 british rifle	1	http://www.rt66.com
2008-11-13 00:03:31	492002	richard d. vogelsang chattanooga		
2008-11-13 00:03:31	724416	propertytaxsales.com		
2008-11-13 00:03:32	30011	schwab learning	1	http://www.schwablearning.org
2008-11-13 00:03:33	1573516	mistydawn25		
2008-11-13 00:03:33	697414	wilson school district	4	http://www.berksiu.k12.pa.us
2008-11-13 00:03:33	784627	candy gals		
2008-11-13 00:03:34	655896	dictionary	1	http://dictionary.reference.com
2008-11-13 00:03:35	1800678	autoshopper	3	http://www.autoshopperonline.com
2008-11-13 00:03:36	2173621	annullments		
2008-11-13 00:03:37	3080742	northstrom	3	http://3831.48g6kl.info
2008-11-13 00:03:38	2185833	much madness is divinest sense dickinson	5	http://www.essays.cc
2008-11-13 00:03:38	2185833	much madness is divinest sense dickinson	7	http://plagiarist.com
2008-11-13 00:03:40	2173621	annulments	3	http://marriage.about.com
2008-11-13 00:03:41	1781141	ww.pogo.com		
2008-11-13 00:03:41	1962206	food poisoning		
2008-11-13 00:03:42	123703	republic of tea	1	http://www.republicoftea.com
2008-11-13 00:03:42	1902465	how zener diodes work		
2008-11-13 00:03:42	2617942	kentucky state prison inmates	1	http://www.ancestorhunt.com
2008-11-13 00:03:42	2617942	kentucky state prison inmates	3	http://www.corrections.ky.gov
2008-11-13 00:03:42	2617942	kentucky state prison inmates	7	http://www.lawresearchservices.com
2008-11-13 00:03:43	172627	www.yahoolagins.com		
2008-11-13 00:03:43	3300569	music videos		
2008-11-13 00:03:43	3399357	cnn		
2008-11-13 00:03:44	1276807	www.ebaysupplies.usps.com		
2008-11-13 00:03:45	1821306	internet		
2008-11-13 00:03:46	2558362	intec power inverter	1	http://www.kmart.com
2008-11-13 00:03:47	2846808	lincoln university	2	http://www.lincolnu.edu
2008-11-13 00:03:48	1316084	trellis art		
2008-11-13 00:03:48	2569723	www.homesforsale		
2008-11-13 00:03:48	3362990	maps.yahoo.com	1	http://maps.yahoo.com
2008-11-13 00:03:48	3416404	donkey show darlin donkey show lurics		
2008-11-13 00:03:49	770087	just-stop.com	1	http://www.just-stop.com
2008-11-13 00:03:49	960849	hotels-port charlotte florida	2	http://www.onetravelsource.com
2008-11-13 00:03:50	3202598	workout 20plans		
2008-11-13 00:03:50	784627	candy gals		
2008-11-13 00:03:51	1573516	goggle search		
2008-11-13 00:03:51	3416404	donkey show darling donkey show lyrics		
2008-11-13 00:03:51	3525967	unity	22	http://www.engr.ncsu.edu
2008-11-13 00:03:53	1425068	freeones	1	http://www.freeones.com
2008-11-13 00:03:53	1675737	google	1	http://www.google.com
2008-11-13 00:03:53	1675737	google	1	http://www.google.com
2008-11-13 00:03:53	1675737	google	1	http://www.google.com
2008-11-13 00:03:53	1675737	google	1	http://www.google.com
2008-11-13 00:03:53	1675737	google	1	http://www.google.com
2008-11-13 00:03:57	236599	department of corrections	4	http://www.doc.state.ok.us
2008-11-13 00:03:57	2758820	teaching tips		
2008-11-13 00:03:57	2889338	drug interaction with ginsing	4	http://cals.arizona.edu
2008-11-13 00:03:57	979008	counselor		
2008-11-13 00:03:58	2197351	www.globecomsoftware.com		
2008-11-13 00:03:59	1668686	weerd science track listing	1	http://www.cduniverse.com
2008-11-13 00:04:00	655896	synesthesia		
2008-11-13 00:04:02	130518	kamu parsoneli dil sinavi		
2008-11-13 00:04:04	784627	candy gals		
2008-11-13 00:04:06	3108784	www.calendar.org	2	http://www.calendars.net
2008-11-13 00:04:06	3108784	www.calendar.org	4	http://goweb.home.sapo.pt
2008-11-13 00:04:06	3146201	holland america cruises		
2008-11-13 00:04:07	1962206	food poisoning symptoms	1	http://www.emedicinehealth.com
2008-11-13 00:04:08	55020	irvine unified school district	1	http://www.iusd.k12.ca.us
2008-11-13 00:04:09	1902465	germanium diodes	7	http://www.patchn.com
2008-11-13 00:04:09	773735	google		
2008-11-13 00:04:10	1110277	nyjc.com		
2008-11-13 00:04:10	130518	kamu personeli dil sinavi	2	http://www.testklubu.com
2008-11-13 00:04:11	770087	www.just-stop.com		
2008-11-13 00:04:11	979008	counselor associations	10	http://psychematters.com
2008-11-13 00:04:11	979008	counselor associations	4	http://www.txca.org
2008-11-13 00:04:11	979008	counselor associations	7	http://access.k12.wv.us
2008-11-13 00:04:12	2492509	ver fotos de honbres des nudos		
2008-11-13 00:04:14	3119121	brian's page	1	http://brianspage.com
2008-11-13 00:04:14	3119121	brian's page	1	http://brianspage.com
2008-11-13 00:04:14	50588	redirect.virtumundo.com		
2008-11-13 00:04:15	3331918	www.google com		
2008-11-13 00:04:16	3416404	donkey show darling donkey show spring break lyrics	1	http://www.shutupeccles.com
2008-11-13 00:04:17	1227194	tye tribbet ga	1	http://www.tyetribbettandga.com
2008-11-13 00:04:17	2758820	teaching tips		
2008-11-13 00:04:18	1408161	camp 20fort 20bluff		
2008-11-13 00:04:18	784627	candy gals		
2008-11-13 00:04:19	241240	asbetos		
2008-11-13 00:04:21	1492683	finding a volunteer position		
2008-11-13 00:04:21	1573516	misty dawn 25 goggle		
2008-11-13 00:04:22	2638303	lowes	1	http://www.lowes.com
2008-11-13 00:04:22	760038	diabetes		
2008-11-13 00:04:23	2458413	www.nonprofitjobs.org	2	http://www.nonprofitjobs.org
2008-11-13 00:04:23	2458413	www.nonprofitjobs.org	4	http://www.managementhelp.org
2008-11-13 00:04:23	2458413	www.nonprofitjobs.org	8	http://www.ratejobsites.com
2008-11-13 00:04:25	585269	maternity clothes	9	http://www.apeainthepod.com
2008-11-13 00:04:25	913466	www.journal.com		
2008-11-13 00:04:26	461601	insurance for self employed		
2008-11-13 00:04:26	784627	candy gals		
2008-11-13 00:04:27	2057661	desmoinesregister	1	http://www.desmoinesregister.com
2008-11-13 00:04:28	2829643	goggle	1	http://www.goggle-a.com
2008-11-13 00:04:30	228145	va lottery	1	http://www.valottery.com
2008-11-13 00:04:30	2711789	language translations		
2008-11-13 00:04:30	988541	pontoon		
2008-11-13 00:04:31	1978774	www.petalumaraceway.com		
2008-11-13 00:04:31	2130163	edhelper.com		
2008-11-13 00:04:33	694825	diversity careers magazine	1	http://www.diversitycareers.com
2008-11-13 00:04:34	3315884	deltadental.com	1	http://www.deltadental.com
2008-11-13 00:04:35	1284451	drunkensquirrel.net	1	http://www.drunkensquirrel.net
2008-11-13 00:04:37	784627	candy gals		
2008-11-13 00:04:38	172627	www.googel.com		
2008-11-13 00:04:39	1224541	www.mbna		
2008-11-13 00:04:39	1276807	www.ebaysupplies.usps.com		
2008-11-13 00:04:39	396116	www.buzz1037.com		
2008-11-13 00:04:41	1417464	metro north	1	http://www.mta.nyc.ny.us
2008-11-13 00:04:43	770087	www.just-stop.com		
2008-11-13 00:04:44	3253914	www.african american dolls.com		
2008-11-13 00:04:44	741218	the italian athletic club stockton	23	http://www.oe3.org
2008-11-13 00:04:45	1934301	solitaire.pogo.com		
2008-11-13 00:04:46	2758820	teaching tips		
2008-11-13 00:04:49	1552501	fsfa		
2008-11-13 00:04:50	1183184	weather		
2008-11-13 00:04:50	784627	google		
2008-11-13 00:04:52	760038	diabetes forums	1	http://www.diabetesforums.com
2008-11-13 00:04:52	988541	pontoon		
2008-11-13 00:04:53	14781	facebook.comhttp		
2008-11-13 00:04:55	1408161	national 20association 20of 20 christian 20 athletics		
2008-11-13 00:04:55	3081666	past searchs		
2008-11-13 00:04:56	3239418	www.lagoonstar.com		
2008-11-13 00:04:58	2251112	leslie marshall	1	http://www.lesliemarshall.us
2008-11-13 00:04:58	241240	asbetos		
2008-11-13 00:04:58	492002	richard d. vogelsang chattanooga		
2008-11-13 00:04:59	203378	march zodiac	1	http://www.vpcalendar.net
2008-11-13 00:05:02	2322410	hotmail	1	http://www.hotmail.com
2008-11-13 00:05:02	784627	omgoogle		
2008-11-13 00:05:02	869165	storm season in the carribean		
2008-11-13 00:05:03	1409232	evo.qksrv.net		
2008-11-13 00:05:04	1077659	tvland	1	http://www.tvland.com
2008-11-13 00:05:04	1096683	www.https		
2008-11-13 00:05:05	1119445	gerald atchley		
2008-11-13 00:05:05	2843268	mysp		
2008-11-13 00:05:05	3056222	stacy keibler	82	http://www.tv.com
2008-11-13 00:05:05	3056222	stacy keibler	84	http://www.kindakooky.org
2008-11-13 00:05:05	3528248	seven feathers events	1	http://www.sevenfeathers.com
2008-11-13 00:05:05	3528248	seven feathers events	2	http://www.sevenfeathers.com
2008-11-13 00:05:05	3528248	seven feathers events	6	http://flathead.rosenet.net
2008-11-13 00:05:05	87927	careersafeonline		
2008-11-13 00:05:05	938075	whitepages.com	6	http://www.phonenumber.com
2008-11-13 00:05:07	1316084	dog food		
2008-11-13 00:05:08	1705018	hpi savage hopups		
2008-11-13 00:05:08	2355574	wallaby		
2008-11-13 00:05:09	2015927	langston university		
2008-11-13 00:05:09	474138	costosternal and costochondral joint anteriorly	1	http://www.spine-dr.com
2008-11-13 00:05:10	947809	confirm unsubscribe request.		
2008-11-13 00:05:11	1110277	korean.directory.us		
2008-11-13 00:05:11	434633	tangier akron	1	http://www.thetangier.com
2008-11-13 00:05:11	434633	tangier akron	1	http://www.thetangier.com
2008-11-13 00:05:11	434633	tangier akron	4	http://www.decidio.com
2008-11-13 00:05:11	434633	tangier akron	5	http://dinesite.com
2008-11-13 00:05:11	434633	tangier akron	7	http://www.pluggedincleveland.com
2008-11-13 00:05:12	1492683	finding a volunteer position		
2008-11-13 00:05:12	1947411	tom deregt	1	http://calpolynews.calpoly.edu
2008-11-13 00:05:12	1947411	tom deregt	2	http://www.bridleandbit.com
2008-11-13 00:05:12	1947411	tom deregt	6	http://www.chartwell.org
2008-11-13 00:05:12	3217924	athletics.smu.edu		
2008-11-13 00:05:12	3423436	hotmovies	1	http://www.hotmovies.com
2008-11-13 00:05:12	3423436	hotmovies	1	http://www.hotmovies.com
2008-11-13 00:05:12	784627	google.com		
2008-11-13 00:05:13	1246036	polish american priests association	11	http://wnypolonia.com
2008-11-13 00:05:13	1246036	polish american priests association	11	http://wnypolonia.com
2008-11-13 00:05:13	1246036	polish american priests association	14	http://www.polishamericanstudies.org
2008-11-13 00:05:13	899467	original yahoo		
2008-11-13 00:05:14	2758820	teaching tips		
2008-11-13 00:05:15	2512217	ups.com	1	http://www.ups.com
2008-11-13 00:05:15	2945977	oregon food handlers card	1	http://www.ora.org
2008-11-13 00:05:15	2945977	oregon food handlers card	1	http://www.ora.org
2008-11-13 00:05:16	993658	ebay	1	http://www.ebay.com
2008-11-13 00:05:17	2027985	u promise promotional code		
2008-11-13 00:05:17	3080742	northstrom store.com		
2008-11-13 00:05:17	461601	insurance co op for self employed		
2008-11-13 00:05:17	986025	napoleon and the sphinx	1	http://www.xnet.com
2008-11-13 00:05:17	986025	napoleon and the sphinx	2	http://www.touregypt.net
2008-11-13 00:05:17	986025	napoleon and the sphinx	5	http://www.avalanchepress.com
2008-11-13 00:05:18	1281723	yahoo.com		
2008-11-13 00:05:19	988541	pontoon		
2008-11-13 00:05:20	337691	east valley tribune	1	http://www.eastvalleytribune.com
2008-11-13 00:05:20	337691	east valley tribune	3	http://www.mondotimes.com
2008-11-13 00:05:20	337691	east valley tribune	3	http://www.mondotimes.com
2008-11-13 00:05:21	1552501	fsfa apply for pin		
2008-11-13 00:05:21	797798	american idol	1	http://www.idolonfox.com
2008-11-13 00:05:22	1503657	you dont need a doctor baby you need a mortician honey	6	http://www.stlyrics.com
2008-11-13 00:05:22	3286498	kite surfing	3	http://kitesurfingschool.org
2008-11-13 00:05:24	1066462	m		
2008-11-13 00:05:24	899467	original yahoo		
2008-11-13 00:05:25	1966125	ragdoll breeders in g	1	http://www.rfwclub.org
2008-11-13 00:05:25	1969336	strykers		
2008-11-13 00:05:25	1986797	making purses	16	http://www.associatedcontent.com
2008-11-13 00:05:25	2268531	google	1	http://www.google.com
2008-11-13 00:05:26	545826	oregon state trooper	1	http://www.oregon.gov
2008-11-13 00:05:26	87927	careersafeonline.com		
2008-11-13 00:05:27	152038	ford		
2008-11-13 00:05:28	1770683	new york city department of motor vehicles		
2008-11-13 00:05:28	2737038	newjerseytransi6t.com		
2008-11-13 00:05:29	646026	mardi gra pictures		
2008-11-13 00:05:30	1306642	cynfulpleasures	1	http://www.buzzfeel.com
2008-11-13 00:05:30	1306642	cynfulpleasures	4	http://www.pacshop.com
2008-11-13 00:05:30	1306642	cynfulpleasures	9	http://www.icq.com
2008-11-13 00:05:30	2835690	online big adventure games		
2008-11-13 00:05:30	2846808	lincoln university pa	2	http://www.princetonreview.com
2008-11-13 00:05:30	3258251	transformations	4	http://www.transformation.co.uk
2008-11-13 00:05:31	280466	myspace.com	1	http://www.myspace.com
2008-11-13 00:05:32	1554396	birth announcements		
2008-11-13 00:05:34	1552501	fasfa apply for pin	1	http://pin.ed.gov
2008-11-13 00:05:34	1764142	power of attorney free printable		
2008-11-13 00:05:34	756291	free phone number reversal	1	http://www.reversephonedirectory.com
2008-11-13 00:05:35	1409232	evo.qksrv.net		
2008-11-13 00:05:35	1629500	ski clothes for kids sale	1	http://www.rei.com
2008-11-13 00:05:35	1751761	nationalcity.com	1	http://www.nationalcity.com
2008-11-13 00:05:35	1751761	nationalcity.com	5	http://www.cpp.umich.edu
2008-11-13 00:05:35	1751761	nationalcity.com	9	https://onlinebanking.national-city.com/servlet/natcity/index.html
2008-11-13 00:05:35	275731	i hate myself.com		
2008-11-13 00:05:35	3521413	seized federal property	1	http://www.governmentauctionlist.com
2008-11-13 00:05:36	2247910	rodney king trial	1	http://www.law.umkc.edu
2008-11-13 00:05:36	2247910	rodney king trial	2	http://www.law.umkc.edu
2008-11-13 00:05:38	1616695	target		
2008-11-13 00:05:38	2398415	kamel asfour	1	http://www.boe.ca.gov
2008-11-13 00:05:38	2398415	kamel asfour	1	http://www.boe.ca.gov
2008-11-13 00:05:38	2398415	kamel asfour	2	http://www.boe.ca.gov
2008-11-13 00:05:38	2835690	online big adventure games	7	http://www.addictinggames.com
2008-11-13 00:05:38	3281275	divorce michigan	1	http://www.divorcenet.com
2008-11-13 00:05:38	3281275	divorce michigan	2	http://www.divorcenet.com
2008-11-13 00:05:38	3281275	divorce michigan	4	http://www.divorcelawinfo.com
2008-11-13 00:05:38	3281275	divorce michigan	9	http://divorcesupport.about.com
2008-11-13 00:05:38	760038	prediabetes forums	1	http://www.medhelp.org
2008-11-13 00:05:38	760038	prediabetes forums	3	http://www.dlife.com
2008-11-13 00:05:40	988541	pontoon		
2008-11-13 00:05:43	620050	royse city soccer	1	http://www.n-form.com
2008-11-13 00:05:44	1554396	www.miraclemunckins.com		
2008-11-13 00:05:44	3262499	butte county parcel lookup	2	http://www.upstate-ca.com
2008-11-13 00:05:45	1664964	myspace	1	http://www.myspace.com
2008-11-13 00:05:45	24013	1968 chevelle	2	http://www.chevelles.com
2008-11-13 00:05:46	3614799	goregasm	1	http://www.goregasm.com
2008-11-13 00:05:47	1096683	www.https		
2008-11-13 00:05:48	2424407	download magic the gathering	2	http://www.gamingreport.com
2008-11-13 00:05:48	2424407	download magic the gathering	3	http://www.wizards.com
2008-11-13 00:05:49	2545961	www.primelolitas.com		
2008-11-13 00:05:51	1546883	http .army.mil		
2008-11-13 00:05:51	3416404	donkey show darling donkey show have the squirts lyrics		
2008-11-13 00:05:51	472414	june carter	1	http://maninblack.net
2008-11-13 00:05:51	472414	june carter	2	http://www.johnnycash.com
2008-11-13 00:05:51	472414	june carter	5	http://en.wikipedia.org
2008-11-13 00:05:52	2027985	u promise promotional code	13	http://abclocal.go.com
2008-11-13 00:05:52	2293425	kansas city bbq sauce	61	http://www.dressings-sauces.org
2008-11-13 00:05:52	2293425	kansas city bbq sauce	66	http://fooddownunder.com
2008-11-13 00:05:53	1705018	hpi savage hopups	41	http://www.modelsport.co.uk
2008-11-13 00:05:53	1705018	hpi savage hopups	45	http://store.savagess.com
2008-11-13 00:05:53	1705018	hpi savage hopups	54	http://forums.radiocontrolzone.com
2008-11-13 00:05:53	293170	ralph lauren	1	http://www.polo.com
2008-11-13 00:05:53	408280	notom utility suite		
2008-11-13 00:05:53	801990	bird flu		
2008-11-13 00:05:54	1969336	strikers		
2008-11-13 00:05:55	2648672	jamie farr and mash	1	http://www.museum.tv
2008-11-13 00:05:56	2758820	teaching tips		
2008-11-13 00:05:56	2864137	hata candy mold		
2008-11-13 00:05:56	3239418	www.lagoonstate.com		
2008-11-13 00:05:56	989553	find someone e-mail address	2	http://www.cs.queensu.ca
2008-11-13 00:05:56	989553	find someone e-mail address	5	http://www.webfoot.com
2008-11-13 00:05:56	989553	find someone e-mail address	7	http://www.addresses.com
2008-11-13 00:05:57	1923117	alwaysbooked.com		
2008-11-13 00:05:58	289257	spy zapper		
2008-11-13 00:05:59	2829643	google	1	http://www.google.com
2008-11-13 00:05:59	2829643	google	1	http://www.google.com
2008-11-13 00:06:01	1573516	misty dawn 25 goggle		
2008-11-13 00:06:01	2389062	jimmy choo	1	http://www.jimmychoo.com
2008-11-13 00:06:01	461601	insurance for homeschoolers		
2008-11-13 00:06:02	3571611	industrial revolution editorial		
2008-11-13 00:06:02	513862	lowe's	1	http://www.lowes.com
2008-11-13 00:06:03	1511268	membershiprewards.com	2	http://www.membershiprewards.com
2008-11-13 00:06:05	1725293	google	1	http://www.google.com
2008-11-13 00:06:05	666253	men's custom shirt makers		
2008-11-13 00:06:08	275731	prople that i fucking hate .com		
2008-11-13 00:06:08	3167065	is it right to spank children ata home or in school		
2008-11-13 00:06:11	3398757	ohio weather observer network	1	http://sheridan.geog.kent.edu
2008-11-13 00:06:12	1895648	idolonfox		
2008-11-13 00:06:12	3167065	is it right to spank children at home or inn school		
2008-11-13 00:06:12	492002	tyler sherrell d b a c. george caudle		
2008-11-13 00:06:12	619009	www.iowatreasureers.org		
2008-11-13 00:06:13	3247752	www.blackplanet.con		
2008-11-13 00:06:14	3416404	donkey show darling donkey show lyrics		
2008-11-13 00:06:15	1969336	stryckers		
2008-11-13 00:06:17	916473	baby dolls of 1950;s rubber hair	1	http://www.dmcginley.com
2008-11-13 00:06:17	916473	baby dolls of 1950;s rubber hair	3	http://users.rcn.com
2008-11-13 00:06:18	1468616	durosoft lenses		
2008-11-13 00:06:18	1573516	misty dawn 25 goggle		
2008-11-13 00:06:18	2242492	furniture2buy.com		
2008-11-13 00:06:20	1669469	child erotica	4	http://dir.yahoo.com
2008-11-13 00:06:20	3210384	mpwh	1	http://www.mpwh.net
2008-11-13 00:06:22	2489946	fidelity.com	1	http://www.fidelity.com
2008-11-13 00:06:22	988541	pontoon	96	http://www.fiestaboats.com
2008-11-13 00:06:23	1468616	durasoft lenses		
2008-11-13 00:06:24	1494167	liberianconnection.com		
2008-11-13 00:06:24	1924423	tmobile		
2008-11-13 00:06:24	1969336	stryker's		
2008-11-13 00:06:24	241240	asbetos		
2008-11-13 00:06:24	2858711	eckerd college	1	http://www.eckerd.edu
2008-11-13 00:06:24	3141587	summer dresses	1	http://www.edressme.com
2008-11-13 00:06:25	2799180	west airlines	1	http://www.americawest.com
2008-11-13 00:06:25	426204	magnolia collectible plates	3	http://www.victorianreflections.com
2008-11-13 00:06:27	1162796	make a astronaut costume from items at home	30	http://www.angelfire.com
2008-11-13 00:06:27	3247522	macromedia flash player		
2008-11-13 00:06:28	2976027	myspace	1	http://www.myspace.com
2008-11-13 00:06:28	784627	anime		
2008-11-13 00:06:29	1437666	www.koiclassifieds.com		
2008-11-13 00:06:29	1505614	reading eagle	1	http://www.readingeagle.com
2008-11-13 00:06:29	2077672	oregon state tax returns	3	http://www.online-taxes.com
2008-11-13 00:06:29	2921246	settling an estate	1	http://www.afsp.org
2008-11-13 00:06:29	2921246	settling an estate	2	http://web.fidelity.com
2008-11-13 00:06:29	2921246	settling an estate	3	http://www.mccallbros.com
2008-11-13 00:06:29	2921246	settling an estate	4	http://www.advocis.ca
2008-11-13 00:06:29	2921246	settling an estate	8	http://pfp.aicpa.org
2008-11-13 00:06:29	2966342	tv shows of movie stars date of death		
2008-11-13 00:06:30	1211147	reveal r.e.m.	1	http://www.amazon.com
2008-11-13 00:06:30	2834405	wwww.webmd.com		
2008-11-13 00:06:31	1778541	billingb		
2008-11-13 00:06:31	2660096	paternity tests		
2008-11-13 00:06:32	2167477	http uscis.gov graphics formsfee forms index.htm		
2008-11-13 00:06:33	2050490	http www.wlwphant list.com		
2008-11-13 00:06:34	2758820	teaching ideas	8	http://www.mcps.k12.md.us
2008-11-13 00:06:34	658741	www.oursaviour.org		
2008-11-13 00:06:35	275731	people that i fucking hate .com	2	http://www.xanga.com
2008-11-13 00:06:35	3563718	www.homesandlandalska.com		
2008-11-13 00:06:36	1339040	formals		
2008-11-13 00:06:36	1365989	middletown journal	1	http://www.middletownjournal.com
2008-11-13 00:06:36	626335	free screensaers	1	http://free-screensafers.wayomingwear.com
2008-11-13 00:06:37	2555569	www.herpy.beoch.net		
2008-11-13 00:06:38	601956	mariah carey lyrics	1	http://www.sing365.com
2008-11-13 00:06:38	784627	manga		
2008-11-13 00:06:39	2461929	evo.qksrv.net		
2008-11-13 00:06:39	3247522	macromedia flash player	1	http://www.macromedia.com
2008-11-13 00:06:40	72326	www.myspace.c		
2008-11-13 00:06:40	959977	disablityassist.gov		
2008-11-13 00:06:41	2645802	recommendation letters	5	http://jobsearchtech.about.com
2008-11-13 00:06:41	3146629	google	1	http://www.google.com
2008-11-13 00:06:41	361368	89.com	1	http://www.89.com
2008-11-13 00:06:42	1812358	hidden mountain cabins gatlinburg	2	http://www.auntbug.com
2008-11-13 00:06:42	1812358	hidden mountain cabins gatlinburg	3	http://www.tripadvisor.com
2008-11-13 00:06:42	3273985	quixtar.com	1	http://www.quixtar.com
2008-11-13 00:06:43	1573516	misty dawn 25 goggle		
2008-11-13 00:06:43	1821306	broadband for aol	1	http://www.aol.co.uk
2008-11-13 00:06:43	526619	vampire freaks.com	1	http://www.vampirefreaks.com
2008-11-13 00:06:45	1969336	omb		
2008-11-13 00:06:45	2957680	visual tour.com.		
2008-11-13 00:06:46	358756	google		
2008-11-13 00:06:46	492002	tyler sherrell		
2008-11-13 00:06:46	827536	dhhs nc group homes	4	http://www.toddlertime.com
2008-11-13 00:06:48	1623240	christians taking other christians to court	8	http://www.canadianchristianity.com
2008-11-13 00:06:48	1833275	scan a documents		
2008-11-13 00:06:48	2113779	www.reginnaworks4u.com		
2008-11-13 00:06:48	2381027	ohiolottery.com	1	http://www.ohiolottery.com
2008-11-13 00:06:48	2834405	www.webmd.com		
2008-11-13 00:06:50	72326	www.myspace.c		
2008-11-13 00:06:52	1110844	kniffen	356	http://venus.soci.niu.edu
2008-11-13 00:06:52	1110844	kniffen	366	http://freepages.genealogy.rootsweb.com
2008-11-13 00:06:52	3571611	industrial revolution editorial	1	http://www.rusd.k12.ca.us
2008-11-13 00:06:53	2262799	yahoo.com	1	http://www.yahoo.com
2008-11-13 00:06:53	2262799	yahoo.com	1	http://www.yahoo.com
2008-11-13 00:06:53	3353040	my space plus		
2008-11-13 00:06:53	784627	manga		
2008-11-13 00:06:54	2050490	http www.elephant list.com	1	http://www-elephantlist-com.niofn.com
2008-11-13 00:06:56	1492683	finding a volunteer position		
2008-11-13 00:06:57	1119846	www.coloradosprings		
2008-11-13 00:06:57	80663	pangaea		
2008-11-13 00:06:57	899467	yahoo messenger	1	http://messenger.yahoo.com
2008-11-13 00:06:57	899467	yahoo messenger	4	http://uk.messenger.yahoo.com
2008-11-13 00:06:57	899467	yahoo messenger	6	http://chat.yahoo.com
2008-11-13 00:06:57	899467	yahoo messenger	7	http://www.oldversion.com
2008-11-13 00:06:58	1409232	evo.qksrv.net		
2008-11-13 00:06:58	1905345	address labels		
2008-11-13 00:06:58	3026481	-		
2008-11-13 00:06:58	3026481	www.mindscape.com		
2008-11-13 00:06:58	699806	mayhem death suicide	2	http://www.anus.com
2008-11-13 00:06:59	461601	hslda	1	http://www.hslda.org
2008-11-13 00:07:00	959977	disablityassist.com		
2008-11-13 00:07:01	1573516	misty dawn 25 goggle		
2008-11-13 00:07:01	3416404	ebaumsworld		
2008-11-13 00:07:01	697414	muellenberg school district		
2008-11-13 00:07:02	2185833	much madness is divinest sense dickinson explained	1	http://classiclit.about.com
2008-11-13 00:07:02	2578966	macys.com	1	http://www.macys.com
2008-11-13 00:07:03	1725293	ask	1	http://www.ask.com
2008-11-13 00:07:03	1725293	ask	1	http://www.ask.com
2008-11-13 00:07:03	358756	john bourke		
2008-11-13 00:07:04	1969336	police supply	3	http://www.copsplus.com
2008-11-13 00:07:04	1969336	police supply	4	http://www.streichers.com
2008-11-13 00:07:04	1969336	police supply	8	http://www.ombps.com
2008-11-13 00:07:04	1969336	police supply	8	http://www.ombps.com
2008-11-13 00:07:04	2869025	whiskey a go go	5	http://www.locationsite.de
2008-11-13 00:07:05	2966342	tv shows of movie stars date of death		
2008-11-13 00:07:05	426346	printradio.com		
2008-11-13 00:07:06	1110277	buyvideos.com	1	http://www.buyvideos.com
2008-11-13 00:07:06	1127071	guardianship texas	8	http://www.lawyers.com
2008-11-13 00:07:08	1080530	www.modot.state.mo.us		
2008-11-13 00:07:08	3563718	www.homes and land alska.com		
2008-11-13 00:07:08	784627	manga		
2008-11-13 00:07:10	188495	www.bylths.com		
2008-11-13 00:07:11	1740150	victory 20freezers		
2008-11-13 00:07:11	3494326	martin show	3	http://www.tv.com
2008-11-13 00:07:11	480227	wamu.om		
2008-11-13 00:07:12	3416404	sick world	1	http://www.faulkingtruth.com
2008-11-13 00:07:12	3416404	sick world	2	http://www.foulmouthshirts.com
2008-11-13 00:07:13	2297029	sahara grassland	5	http://www.blueplanetbiomes.org
2008-11-13 00:07:13	2821410	unc basketball.com	1	http://www.uncbasketball.com
2008-11-13 00:07:13	3580928	www.laynebryantcoupon.com		
2008-11-13 00:07:14	1978780	ixora shrub plants		
2008-11-13 00:07:14	2971722	netscape		
2008-11-13 00:07:15	1895648	bass pro		
2008-11-13 00:07:15	2823474	adult fun site	1	http://www.adultfunsite.com
2008-11-13 00:07:15	2938432	mri		
2008-11-13 00:07:15	3269812	giantess garden	4	http://www.giganta.org
2008-11-13 00:07:15	735249	njhjldsupport.org		
2008-11-13 00:07:17	1327116	www.n.y.s.us		
2008-11-13 00:07:17	1494167	liberian-connection.com		
2008-11-13 00:07:17	3353040	my space plus tracker		
2008-11-13 00:07:19	2320999	university of houston library	2	http://library.uh.edu
2008-11-13 00:07:20	1026307	elephant man	1	http://www.imdb.com
2008-11-13 00:07:20	3025661	guitar room.com		
2008-11-13 00:07:20	3081666	past searchs		
2008-11-13 00:07:20	3167065	is it right to spank children at home or in school		
2008-11-13 00:07:21	1573516	misty dawn 25 goggle		
2008-11-13 00:07:21	2199992	mardi gras colors respresentation		
2008-11-13 00:07:22	529518	seth a. kohler		
2008-11-13 00:07:24	1740150	victory 20 freezers	6	http://www.epinions.com
2008-11-13 00:07:24	1740150	victory 20 freezers	7	http://www.bigtray.com
2008-11-13 00:07:25	1362331	dumpafile	1	http://www.dumpafile.com
2008-11-13 00:07:25	188495	shotguns	3	http://www.remington.com
2008-11-13 00:07:25	188495	shotguns	4	http://www.shotgunworld.com
2008-11-13 00:07:25	188495	shotguns	7	http://www.walmart.com
2008-11-13 00:07:25	2769676	barnes and noble	1	http://www.barnesandnoble.com
2008-11-13 00:07:26	2251821	maiz	4	http://www.qfb.umich.mx
2008-11-13 00:07:26	2957680	virtual tour		
2008-11-13 00:07:26	80663	the visionaries		
2008-11-13 00:07:28	1640897	web file.com		
2008-11-13 00:07:28	492002	blckburn & mccune		
2008-11-13 00:07:29	1165224	yugih-deck.com		
2008-11-13 00:07:29	1224541	http mbnanet access.com		
2008-11-13 00:07:30	1523196	flint contest		
2008-11-13 00:07:30	3335430	rush limbaugh college degree	3	http://www.foxnews.com
2008-11-13 00:07:30	490220	t-mobile employment search	1	http://jobsearch.about.com
2008-11-13 00:07:30	490220	t-mobile employment search	2	http://www.bluearrow.co.uk
2008-11-13 00:07:30	787256	www.travellarcity.com		
2008-11-13 00:07:32	2498749	oneidaware	1	http://www.bettycrocker.com
2008-11-13 00:07:32	2498749	oneidaware	5	http://www.replacements.com
2008-11-13 00:07:32	2498749	oneidaware	6	http://www.pastpresent.net
2008-11-13 00:07:32	3622626	what is the planet for libra	28	http://www.stariq.com
2008-11-13 00:07:33	1119846	www.coloradosprings		
2008-11-13 00:07:33	2631169	google	1	http://www.google.com
2008-11-13 00:07:33	722755	www.google.com	1	http://www.google.com
2008-11-13 00:07:33	722755	www.google.com	1	http://www.google.com
2008-11-13 00:07:34	1369167	cities and states	4	http://www.indiana.edu
2008-11-13 00:07:34	280466	myspaceditor.com		
2008-11-13 00:07:34	298016	sedna		
2008-11-13 00:07:34	988541	pontoon	85	http://www.iboats.com
2008-11-13 00:07:35	1214678	ebay		
2008-11-13 00:07:35	2729262	-		
2008-11-13 00:07:35	929339	101.nowfind.net		
2008-11-13 00:07:36	358756	john bourke		
2008-11-13 00:07:36	513862	rubber matting		
2008-11-13 00:07:37	3571611	industrial revolution editorial		
2008-11-13 00:07:37	804259	www.debraalderman.com		
2008-11-13 00:07:40	2584474	www.yahoo.com	3	http://mail.yahoo.com
2008-11-13 00:07:40	3306005	bow wow		
2008-11-13 00:07:40	529518	seth a. kohler		
2008-11-13 00:07:41	1986797	making purses		
2008-11-13 00:07:42	1473872	do virginia libraries have tax forms	8	http://www.rbc.edu
2008-11-13 00:07:42	1636218	www.comerford.org		
2008-11-13 00:07:42	280466	myspaceditor.com		
2008-11-13 00:07:43	3306005	pictures of lil bow wow	1	http://www.mtv.com
2008-11-13 00:07:43	492002	blackburn & mccune	1	http://www.blackburnandmccune.com
2008-11-13 00:07:44	1316084	dog food		
2008-11-13 00:07:44	2758820	college teaching ideas	5	http://classweb.howardcc.edu
2008-11-13 00:07:44	87927	careersafeonline.com		
2008-11-13 00:07:46	1417464	long island rail road	2	http://www.mta.nyc.ny.us
2008-11-13 00:07:46	1732827	neporths.com		
2008-11-13 00:07:46	2443804	www.fafsa.edu		
2008-11-13 00:07:46	2938432	copd		
2008-11-13 00:07:47	2729262	the gopher state		
2008-11-13 00:07:47	3149348	treatment renal blockage kidney atrophying		
2008-11-13 00:07:47	3569118	berataairsofgun		
2008-11-13 00:07:47	529518	seth kohler		
2008-11-13 00:07:48	990636	search painkillers online	90	http://www.thaivisa.com
2008-11-13 00:07:48	990636	search painkillers online	91	http://daciel.da.funpic.de
2008-11-13 00:07:49	1408161	national association christian athletics com		
2008-11-13 00:07:50	1442691	dream growns		
2008-11-13 00:07:50	1623985	best cell phones and prices	2	http://www.cnet.com
2008-11-13 00:07:52	1469522	sue devitt eye shadow		
2008-11-13 00:07:52	3160491	www.amsou.com		
2008-11-13 00:07:53	1533495	crossword puzzles		
2008-11-13 00:07:54	1534637	www.discotecaambis.com		
2008-11-13 00:07:54	3528248	www.ebay.com		
2008-11-13 00:07:55	1921593	adultsoccerturnaments		
2008-11-13 00:07:55	2168094	inmate sin spanish means	10	http://www.proz.com
2008-11-13 00:07:55	529518	seth kohler	4	http://www.delvalrampages.com
2008-11-13 00:07:56	1636218	www.comerford.org		
2008-11-13 00:07:56	2062937	articles lake champlain champ	28	http://www.trueauthority.com
2008-11-13 00:07:56	2062937	articles lake champlain champ	39	http://www.nesportsman.com
2008-11-13 00:07:56	3510831	www.bankfoamerica.com		
2008-11-13 00:07:56	988507	cache		
2008-11-13 00:07:57	2966342	tv shows of movie stars date of death		
2008-11-13 00:07:57	3085833	dodge		
2008-11-13 00:07:58	2199992	mardi gras colors	8	http://www.classbrain.com
2008-11-13 00:07:59	3113735	fisting		
2008-11-13 00:08:00	1732827	newporths.com		
2008-11-13 00:08:00	3569118	berata airsoftgun		
2008-11-13 00:08:00	3622515	flash 8 effects		
2008-11-13 00:08:01	2718627	google	1	http://www.google.com
2008-11-13 00:08:02	1110844	kniffen		
2008-11-13 00:08:02	2006692	c02 laser doctors	14	http://www.google.com
2008-11-13 00:08:02	2006692	c02 laser doctors	19	http://www.clinicakrulig.com
2008-11-13 00:08:02	2006692	c02 laser doctors	21	http://www.derma-clinic.com
2008-11-13 00:08:02	2006692	c02 laser doctors	22	http://www.cosmeticsurgeryoz.com
2008-11-13 00:08:02	2006692	c02 laser doctors	23	http://www.ienhance.com
2008-11-13 00:08:02	2006692	c02 laser doctors	24	http://www.acne.org
2008-11-13 00:08:02	2729262	the gopher state		
2008-11-13 00:08:02	275731	50cent fans.com		
2008-11-13 00:08:02	804259	www.debraalderman.com		
2008-11-13 00:08:03	3312059	latinanude		
2008-11-13 00:08:04	2322410	tsu	2	http://www.tnstate.edu
2008-11-13 00:08:04	2322410	tsu	2	http://www.tnstate.edu
2008-11-13 00:08:04	64723	celebrity dancing & aol blog		
2008-11-13 00:08:05	3385976	yeast infection	10	http://www.intelihealth.com
2008-11-13 00:08:05	3385976	yeast infection	1	http://www.msu.edu
2008-11-13 00:08:05	3385976	yeast infection	1	http://www.msu.edu
2008-11-13 00:08:05	3385976	yeast infection	5	http://www.fda.gov
2008-11-13 00:08:05	3622626	libra		
2008-11-13 00:08:06	1237527	tatoo removal centers in ohio	9	http://www.tattoo-removal-info.com
2008-11-13 00:08:06	2910907	yusef weston	1	http://www.embracedbythelight.com
2008-11-13 00:08:06	658741	church of our saviour park ave. nyc	2	http://www.oursaviournyc.org
2008-11-13 00:08:08	1732827	newports.com		
2008-11-13 00:08:08	3422626	ed		
2008-11-13 00:08:08	751964	www.webhostingtroops.com		
2008-11-13 00:08:09	1636218	www.comerford.com		
2008-11-13 00:08:09	2729262	the gopher state		
2008-11-13 00:08:09	474138	keyword		
2008-11-13 00:08:10	2218713	collapsed lung	13	http://health.allrefer.com
2008-11-13 00:08:10	2218713	collapsed lung	15	http://lungdiseases.about.com
2008-11-13 00:08:10	280466	myspacestore.com		
2008-11-13 00:08:10	3447232	dscs.state.la.us	1	http://www.dscs.state.la.us
2008-11-13 00:08:10	79522	realtysouth.com	1	http://www.realtysouth.com
2008-11-13 00:08:10	79522	realtysouth.com	1	http://www.realtysouth.com
2008-11-13 00:08:11	1732827	newporths.com		
2008-11-13 00:08:12	3622515	flash 8 effects		
2008-11-13 00:08:13	1521	webmaste.drunkenmature.net		
2008-11-13 00:08:13	1521	webmaste.drunkenmature.net		
2008-11-13 00:08:13	860205	br http		
2008-11-13 00:08:14	30365	kinesiologas en lima	27	http://nenasperu.com
2008-11-13 00:08:14	30365	kinesiologas en lima	29	http://putas-peruanas.aa-0.com
2008-11-13 00:08:14	30365	kinesiologas en lima	36	http://1451.rkwf5b.info
2008-11-13 00:08:15	1496183	www.party poker .net		
2008-11-13 00:08:15	155801	www.starherald.com		
2008-11-13 00:08:15	458186	sn.com	4	http://www.msn.com
2008-11-13 00:08:16	1979892	bahama breeze restaurant in livonia mi	1	http://detroit.citysearch.com
2008-11-13 00:08:16	275731	50 cent fans.com		
2008-11-13 00:08:16	2807602	.oprah.com		
2008-11-13 00:08:18	1640897	web file.com		
2008-11-13 00:08:18	2729262	the gopher state		
2008-11-13 00:08:18	298016	sedna		
2008-11-13 00:08:18	461601	the teaching home	1	http://www.teachinghome.com
2008-11-13 00:08:19	1244486	bull masiff	1	http://www.animalstamps.com
2008-11-13 00:08:19	1244486	bull masiff	2	http://www.oldbulldogs.com
2008-11-13 00:08:20	1534637	www.discotecas.com		
2008-11-13 00:08:20	2905236	arthritis		
2008-11-13 00:08:20	626335	free screensavers	1	http://www.freesaver.com
2008-11-13 00:08:21	3220381	my space.com	1	http://www.myspace.com
2008-11-13 00:08:21	3220381	my space.com	1	http://www.myspace.com
2008-11-13 00:08:21	3220381	my space.com	1	http://www.myspace.com
2008-11-13 00:08:22	1119846	www.coloradosprings		
2008-11-13 00:08:23	3335430	rush limbaugh college bio	4	http://pssht.com
2008-11-13 00:08:23	3335430	rush limbaugh college bio	5	http://www.answers.com
2008-11-13 00:08:24	358756	john bourke		
2008-11-13 00:08:24	408280	notom utility suite		
2008-11-13 00:08:24	993658	newsmax	1	http://www.newsmax.com
2008-11-13 00:08:25	3505627	ronaldinho		
2008-11-13 00:08:26	2729262	the gopher state		
2008-11-13 00:08:26	3113735	fisting		
2008-11-13 00:08:27	3167065	is it right to spank children at home or in school	6	http://www.connectforkids.org
2008-11-13 00:08:28	1321993	free download .wsa .wav ball game take me		
2008-11-13 00:08:28	1440025	pma insurance	1	http://www.pmagroup.com
2008-11-13 00:08:28	2699246	free ebooks non fiction	1	http://www.globusz.com
2008-11-13 00:08:28	2699246	free ebooks non fiction	4	http://www.fictionwise.com
2008-11-13 00:08:28	2699246	free ebooks non fiction	6	http://www.agoodread.com
2008-11-13 00:08:28	2699246	free ebooks non fiction	7	http://www.mindlikewater.com
2008-11-13 00:08:28	2699246	free ebooks non fiction	9	http://www.websuccesscentral.com
2008-11-13 00:08:28	413804	valencia spain	1	http://www.red2000.com
2008-11-13 00:08:28	413804	valencia spain	5	http://www.spain-info.com
2008-11-13 00:08:29	1947411	tom deregt		
2008-11-13 00:08:29	2013863	www.arrowheadspringwater.cm		
2008-11-13 00:08:29	3571611	industrial revolution editorial essay		
2008-11-13 00:08:30	1135035	google	1	http://www.google.com
2008-11-13 00:08:30	163716	sendapet.net		
2008-11-13 00:08:30	2297029	sahel	4	http://maps.unomaha.edu
2008-11-13 00:08:30	2758820	college teaching ideas		
2008-11-13 00:08:31	1110844	kniffen		
2008-11-13 00:08:31	2185833	prevailing attitudes of the age of reason		
2008-11-13 00:08:32	1119846	www.newspaper	2	http://www.newspaper.co.kr
2008-11-13 00:08:32	1732827	newportharborhs.com		
2008-11-13 00:08:32	2328688	dicitionary		
2008-11-13 00:08:32	860205	br http	8	http://www.cia.gov
2008-11-13 00:08:33	1123219	verizon	1	http://www.verizon.com
2008-11-13 00:08:34	1125644	csupomona.edu		
2008-11-13 00:08:34	2729262	the gopher state		
2008-11-13 00:08:35	1636218	www.comercford.com		
2008-11-13 00:08:35	2328688	dictionary		
2008-11-13 00:08:36	3074372	cherry animated		
2008-11-13 00:08:36	3141000	google.com	1	http://www.google.com
2008-11-13 00:08:36	810158	bioenergetica 20on 20dallas		
2008-11-13 00:08:37	1469522	sue devitt eye shadow	15	http://www.sephora.com
2008-11-13 00:08:37	1469522	sue devitt eye shadow	16	http://www.dealtime.com
2008-11-13 00:08:37	1732827	newportharborhigh.com		
2008-11-13 00:08:37	2534045	clarke american	1	http://www.clarkeamerican.com
2008-11-13 00:08:37	263201	ebay		
2008-11-13 00:08:37	3113735	fisting		
2008-11-13 00:08:38	1645100	hot in hollywood.com		
2008-11-13 00:08:38	697414	berks county school districts	1	http://www.berksiu.k12.pa.us
2008-11-13 00:08:41	1654905	i want you back poems	1	http://www.poemsforfree.com
2008-11-13 00:08:42	1546883	ako	1	http://www.us.army.mil
2008-11-13 00:08:42	1546883	ako	2	https://www.us.army.mil/
2008-11-13 00:08:42	1546883	ako	2	https://www.us.army.mil/
2008-11-13 00:08:42	556178	mardi gras	3	http://www.mardigrasday.com
2008-11-13 00:08:42	556178	mardi gras	6	http://mardigras.neworleans.com
2008-11-13 00:08:43	2094990	samsung fun club	1	http://www.samsungmobile.com
2008-11-13 00:08:43	2970006	us-mirror.www.ai.net		
2008-11-13 00:08:43	30011	netspend.c		
2008-11-13 00:08:44	1523196	horney poker	5	http://www.ringsurf.com
2008-11-13 00:08:45	263201	ebay		
2008-11-13 00:08:46	1636218	www.comerford.com		
2008-11-13 00:08:46	2869025	house of blues sunset strip	1	http://www.hob.com
2008-11-13 00:08:47	2905236	merck	2	http://www.merck.com
2008-11-13 00:08:48	3188169	core-mark.com		
2008-11-13 00:08:48	59172	ultimate guitar	1	http://www.ultimate-guitar.com
2008-11-13 00:08:48	833739	wwww.fa		
2008-11-13 00:08:49	1162796	make a astronaut costume from items at home		
2008-11-13 00:08:49	3074372	cherry animated		
2008-11-13 00:08:50	2410994	rights of men and women	6	http://www.geocities.com
2008-11-13 00:08:50	2767386	mapquest.com	1	http://www.mapquest.com
2008-11-13 00:08:50	36894	christian sicence	2	http://christian-science-monitor.ftheo.com
2008-11-13 00:08:50	474138	tietze syndrome		
2008-11-13 00:08:52	1369167	u.s. cities	1	http://www.city-data.com
2008-11-13 00:08:52	2670445	naacp		
2008-11-13 00:08:52	280466	myspaceditor.com		
2008-11-13 00:08:53	1966125	ragdoll breeders in g	13	http://dmoz.org
2008-11-13 00:08:53	30011	netspend.com	1	http://www.netspend.com
2008-11-13 00:08:53	585269	maternity clothes	19	http://www.olianmaternity.com
2008-11-13 00:08:54	1352434	flnb.com	3	http://www.flnb.com
2008-11-13 00:08:54	3343357	http www.san antonio.com		
2008-11-13 00:08:57	155801	www.starherald.net	1	http://www.starherald.net
2008-11-13 00:08:57	155801	www.starherald.net	1	http://www.starherald.net
2008-11-13 00:08:57	2445419	colombianos en mexico		
2008-11-13 00:08:58	1921593	csa		
2008-11-13 00:08:58	2002757	the muppets	10	http://www.matthewbarr.co.uk
2008-11-13 00:08:58	2002757	the muppets	1	http://muppets.go.com
2008-11-13 00:08:58	2002757	the muppets	5	http://www.imdb.com
2008-11-13 00:08:58	2185833	attitudes of the age of reason		
2008-11-13 00:08:58	2617942	courier journal newspaper louisville ky	1	http://www.courier-journal.com
2008-11-13 00:08:58	2729262	minnesota		
2008-11-13 00:08:59	492002	blackburn & mccune		
2008-11-13 00:09:00	3074372	cherry animated		
2008-11-13 00:09:02	112043	ww		
2008-11-13 00:09:02	153764	ohio lottery	1	http://www.ohiolottery.com
2008-11-13 00:09:02	18756	wwww.myspace.com		
2008-11-13 00:09:02	2758820	teaching psychology	1	http://www.ithaca.edu
2008-11-13 00:09:02	2758820	teaching psychology	2	http://teachpsych.lemoyne.edu
2008-11-13 00:09:02	2758820	teaching psychology	5	http://psych.hanover.edu
2008-11-13 00:09:02	2758820	teaching psychology	7	http://www.socialpsychology.org
2008-11-13 00:09:02	2758820	teaching psychology	9	http://www.nitop.org
2008-11-13 00:09:03	2699317	gs ul csa		
2008-11-13 00:09:03	3088655	premrosestables.com		
2008-11-13 00:09:03	784627	manga		
2008-11-13 00:09:04	2358594	what is my planet		
2008-11-13 00:09:04	2560037	craigslist	1	http://www.craigslist.org
2008-11-13 00:09:05	10189	raimbow graphs rifle stocks		
2008-11-13 00:09:05	163716	sendapet.net		
2008-11-13 00:09:05	18756	wwww.myspace.com		
2008-11-13 00:09:05	192090	honda motorcyle engines	1	http://used.barking-moonbat.com
2008-11-13 00:09:05	3015940	chat avenue	1	http://www.chat-avenue.com
2008-11-13 00:09:05	408280	symantec utility suite	6	http://reviews.cnet.com
2008-11-13 00:09:06	2729262	minnesota		
2008-11-13 00:09:06	2966342	tv shows of movie stars date of death		
2008-11-13 00:09:07	1110844	kniffen		
2008-11-13 00:09:08	1245063	city.richmond.ca		
2008-11-13 00:09:08	1636218	www.comerford.org		
2008-11-13 00:09:08	252388	my spave		
2008-11-13 00:09:09	1645100	hotinhollywood.com	2	http://www.hotinhollywood.com
2008-11-13 00:09:09	18756	www.myspace.com		
2008-11-13 00:09:09	2933610	gsmworld.com		
2008-11-13 00:09:09	3074372	cherry animated		
2008-11-13 00:09:09	358756	john bourke illinois		
2008-11-13 00:09:10	2345510	sierra games.com		
2008-11-13 00:09:10	3312059	latinanude		
2008-11-13 00:09:10	74791	leeclerk.org	1	http://leeclerk.org
2008-11-13 00:09:10	74791	leeclerk.org	4	http://www.lee-county.com
2008-11-13 00:09:11	1402187	us airways		
2008-11-13 00:09:11	2168094	carcel en mexico	1	http://www.nuestraamerica.info
2008-11-13 00:09:11	3252132	how to open up a nonprofit	2	http://www.oreillynet.com
2008-11-13 00:09:12	18756	www.myspace.com	1	http://www.myspace.com
2008-11-13 00:09:12	3113735	fisting	5	http://www.sickestsites.com
2008-11-13 00:09:12	3149348	treatment renal blockage kidney atrophying		
2008-11-13 00:09:12	472414	http		
2008-11-13 00:09:12	512762	yahoo	1	http://www.yahoo.com
2008-11-13 00:09:14	2358594	what is libra's planet	10	http://www.astrologycom.com
2008-11-13 00:09:14	2358594	what is libra's planet	5	http://www.skyscript.co.uk
2008-11-13 00:09:14	2358594	what is libra's planet	6	http://lifeandhealth.guardian.co.uk
2008-11-13 00:09:14	2358594	what is libra's planet	9	http://www.novareinna.com
2008-11-13 00:09:14	2557198	framesi	1	http://www.framesi.it
2008-11-13 00:09:14	2557198	framesi	3	http://www.spiralhaircase.com
2008-11-13 00:09:14	2729262	minnesota		
2008-11-13 00:09:15	163716	sendapet.net		
2008-11-13 00:09:16	1901105	loan to start small bunissess		
2008-11-13 00:09:16	3060347	michael english	13	http://www.tbn.org
2008-11-13 00:09:18	1805585	baseball cap washer	2	http://www.seenontv.com
2008-11-13 00:09:18	252388	my space	1	http://www.myspace.com
2008-11-13 00:09:19	263201	ebay		
2008-11-13 00:09:20	1417464	grand central	1	http://www.grandcentralterminal.com
2008-11-13 00:09:20	2767672	google.com	1	http://www.google.com
2008-11-13 00:09:20	280466	myspaceditor.org		
2008-11-13 00:09:20	3074372	cherry animated		
2008-11-13 00:09:20	784627	candy gals		
2008-11-13 00:09:21	2227517	sarasota herald tribune		
2008-11-13 00:09:21	3273080	elpaso texas newspaper	1	http://www.elpasotimes.com
2008-11-13 00:09:22	2961027	candy chocolate	9	http://www.sugarcraft.com
2008-11-13 00:09:22	3014487	ladodgers.com	1	http://losangeles.dodgers.mlb.com
2008-11-13 00:09:22	760082	www.csulb.edu.ca		
2008-11-13 00:09:23	1127071	texas family law		
2008-11-13 00:09:23	1162796	make a astronaut costume from items at home		
2008-11-13 00:09:23	2029172	go xango.com	10	http://499530.rxgnoedc.info
2008-11-13 00:09:23	2843675	cricinfo	1	http://www.cricinfo.com
2008-11-13 00:09:24	2913988	weather channel	1	http://www.weather.com
2008-11-13 00:09:24	2913988	weather channel	3	http://www.weatherchannel.com.au
2008-11-13 00:09:24	541268	im help		
2008-11-13 00:09:25	1636218	www.cars.com		
2008-11-13 00:09:25	2729262	minnesota		
2008-11-13 00:09:25	3387634	aruba	4	http://www.visitaruba.com
2008-11-13 00:09:27	1901105	loan to start small business		
2008-11-13 00:09:27	541268	im help		
2008-11-13 00:09:27	74791	leeclerk.org		
2008-11-13 00:09:28	1111959	cingular wireless.com	1	http://www.cingular.com
2008-11-13 00:09:28	146415	e-bay		
2008-11-13 00:09:29	1725293	ask jeeves	1	http://www.ask.com
2008-11-13 00:09:29	1725293	ask jeeves	7	http://legal.ask.com
2008-11-13 00:09:29	1978780	ixora shrub plants		
2008-11-13 00:09:31	2410994	rights of men and women	4	http://www.eoc.org.uk
2008-11-13 00:09:31	3343357	http www.azteca america.com		
2008-11-13 00:09:31	784627	candy gals		
2008-11-13 00:09:33	1875688	aresgalaxy.com		
2008-11-13 00:09:33	1875688	aresgalaxy.com		
2008-11-13 00:09:33	2185833	ask jeeves	1	http://www.ask.com
2008-11-13 00:09:33	3025661	peavy.com		
2008-11-13 00:09:33	3112097	scarlet fever	2	http://www.cdc.gov
2008-11-13 00:09:33	539381	homail.co		
2008-11-13 00:09:34	526677	www.adobemillingco.com		
2008-11-13 00:09:35	2670445	naacp dallas tx	3	http://www.dallasnaacp.org
2008-11-13 00:09:36	1355826	grand ol' opry		
2008-11-13 00:09:37	2040366	http www nol jax.org		
2008-11-13 00:09:37	392197	-		
2008-11-13 00:09:38	1321993	sound take me out to the ball game free	4	http://www.stadiumsounds.com
2008-11-13 00:09:38	1947411	tom deregt	31	http://latc.com
2008-11-13 00:09:38	1947411	tom deregt	39	http://www.clubct.org
2008-11-13 00:09:38	3153955	labor unions ky		
2008-11-13 00:09:38	554663	123greetings	1	http://www.123greetings.com
2008-11-13 00:09:39	2297029	sahara sahel		
2008-11-13 00:09:39	2345510	shivers the game	10	http://www.eblong.com
2008-11-13 00:09:39	2345510	shivers the game	2	http://www.gameboomers.com
2008-11-13 00:09:39	2345510	shivers the game	5	http://www.redbeansoup.net
2008-11-13 00:09:39	2345510	shivers the game	8	http://www.gamefaqs.com
2008-11-13 00:09:40	1000568	disney vacation		
2008-11-13 00:09:40	1005803	credit check		
2008-11-13 00:09:40	3088791	mysapce.com		
2008-11-13 00:09:41	2174569	virginatlantic	1	http://www.virgin-atlantic.com
2008-11-13 00:09:41	2729262	minnesota		
2008-11-13 00:09:42	156717	sylver anklets		
2008-11-13 00:09:43	2340183	a1		
2008-11-13 00:09:43	3074372	cherry animated gif's		
2008-11-13 00:09:43	668679	ministry official	1	http://www.ministrymusic.org
2008-11-13 00:09:43	824800	forum2.letstalkdirty.org		
2008-11-13 00:09:44	156717	sylver anklets		
2008-11-13 00:09:44	2294808	fake trees	1	http://www.fraudfrond.com
2008-11-13 00:09:44	3434987	snapfiles.com		
2008-11-13 00:09:45	539381	homail.com	1	http://www.lovespoon.co.uk
2008-11-13 00:09:45	784627	candy gals		
2008-11-13 00:09:46	1402760	mucus		
2008-11-13 00:09:46	711617	google	1	http://www.google.com
2008-11-13 00:09:47	1245063	city.richmond.ca services nature		
2008-11-13 00:09:48	1606775	ippary crystal		
2008-11-13 00:09:48	2036689	argentina land		
2008-11-13 00:09:48	74791	leeclerk.org	1	http://leeclerk.org
2008-11-13 00:09:49	2966342	tv shows of movie stars date of death	79	http://www.thecustard.tv
2008-11-13 00:09:50	1408161	mike 20crain		
2008-11-13 00:09:50	1510107	www.off road.com	1	http://www.off-road.com
2008-11-13 00:09:50	1510107	www.off road.com	8	http://allaboutmud.com
2008-11-13 00:09:50	2196460	aarppassport	3	http://www.passportshq.com
2008-11-13 00:09:50	2196460	aarppassport	5	http://www.onlineplans.ca
2008-11-13 00:09:51	1227194	sonymusic.infopop.cc		
2008-11-13 00:09:51	1704633	www.afterhouyrs.com		
2008-11-13 00:09:51	929339	101.nowfind.net		
2008-11-13 00:09:52	1666920	largest reptile	1	http://ask.yahoo.com
2008-11-13 00:09:52	3434987	snapfiles.com	1	http://www.webattack.com
2008-11-13 00:09:53	1093926	chase bank.com		
2008-11-13 00:09:53	1127071	texas family law		
2008-11-13 00:09:53	1875688	ariesgalaxy.com		
2008-11-13 00:09:53	3255930	seven star hotels	1	http://www.jancisrobinson.com
2008-11-13 00:09:53	784627	candy gals		
2008-11-13 00:09:55	2103812	tothe		
2008-11-13 00:09:55	2921088	list of molesters for williamson county illinois 62959	1	http://www.cs.queensu.ca
2008-11-13 00:09:56	2340183	air fare	5	http://www.orbitz.com
2008-11-13 00:09:56	2971722	netscape		
2008-11-13 00:09:56	760082	cal 20state 20university 20long 20beach		
2008-11-13 00:09:57	2551192	jack russell terrier poodle	4	http://animal-world.com
2008-11-13 00:09:57	88522	yellow ledbetter lyrics	1	http://www.lyricsfreak.com
2008-11-13 00:09:58	74791	leeclerk.org		
2008-11-13 00:09:59	1227194	sonymusic.infopop.cc		
2008-11-13 00:09:59	1246036	polish american priests association		
2008-11-13 00:09:59	2445419	colombianos en mexico		
2008-11-13 00:10:00	1214215	chains world jewellery		
2008-11-13 00:10:00	1705018	hpi savage hopups	56	http://www.rc-racer.nl
2008-11-13 00:10:00	1705018	hpi savage hopups	57	http://www.megaproductions.net
2008-11-13 00:10:00	1705018	hpi savage hopups	58	http://www.huntfish.net
2008-11-13 00:10:00	1705018	hpi savage hopups	64	http://www.hobbypeople.net
2008-11-13 00:10:00	1705018	hpi savage hopups	65	http://www.rchopups.co.uk
2008-11-13 00:10:00	1901105	loan to start small bunissess		
2008-11-13 00:10:01	2729262	duluth minnesota		
2008-11-13 00:10:03	1162796	make a astronaut costume from items at home	115	http://www.starcostumes.com
2008-11-13 00:10:03	620513	char raine email		
2008-11-13 00:10:03	810158	bioenergetica 20on 20dallas		
2008-11-13 00:10:03	885328	mapquest	1	http://www.mapquest.com
2008-11-13 00:10:03	988541	pontoon		
2008-11-13 00:10:04	2055820	galottery	1	http://www.galottery.com
2008-11-13 00:10:04	461601	homeschooling		
2008-11-13 00:10:04	827536	new hope treatment center		
2008-11-13 00:10:06	1110277	ewoodong.com		
2008-11-13 00:10:06	1719033	ronald mouzelski		
2008-11-13 00:10:06	3153955	kentucky labor unions		
2008-11-13 00:10:07	1719033	ronald mouzelski		
2008-11-13 00:10:07	1966125	ragdoll breeders in georgia	1	http://www.ragdollinternational.org
2008-11-13 00:10:08	1719033	ronald mouzelski		
2008-11-13 00:10:08	1719033	ronald mouzelski		
2008-11-13 00:10:08	2127637	neiman marcus.com	1	http://www.neimanmarcus.com
2008-11-13 00:10:09	1958945	jobs		
2008-11-13 00:10:09	2297029	atlas mountains	3	http://en.wikipedia.org
2008-11-13 00:10:11	2705243	websudoku	1	http://www.websudoku.com
2008-11-13 00:10:11	2729262	duluth minnesota		
2008-11-13 00:10:11	3525967	unity	70	http://www.unityphx.org
2008-11-13 00:10:12	3074372	cherry animated gifs	1	http://www.andreaharner.com
2008-11-13 00:10:12	3074372	cherry animated gifs	2	http://members.fortunecity.com
2008-11-13 00:10:12	634642	googel	1	http://www.googel.fi
2008-11-13 00:10:13	1523196	parishilton	1	http://www.parishilton.ws
2008-11-13 00:10:13	3008702	aaa florida		
2008-11-13 00:10:13	3569118	beretta m92		
2008-11-13 00:10:15	1511800	google.com	1	http://www.google.com
2008-11-13 00:10:15	74791	leeclerk.org		
2008-11-13 00:10:16	1535623	panic at the disco	6	http://www.fueledbyramen.com
2008-11-13 00:10:16	1665379	size of		
2008-11-13 00:10:17	1084818	manila buletin	1	http://www.mb.com.ph
2008-11-13 00:10:17	1831335	i-pod download		
2008-11-13 00:10:17	2674349	myspace.	1	http://www.myspace.com
2008-11-13 00:10:18	1110277	ewoodong.com		
2008-11-13 00:10:19	1640897	http		
2008-11-13 00:10:19	1899032	google	1	http://www.google.com
2008-11-13 00:10:19	2392419	romantic nicknames for lovers	4	http://quotes4love.blogspot.com
2008-11-13 00:10:20	2420194	scooby doo		
2008-11-13 00:10:20	85664	ask jeeves	2	http://www.ajkids.com
2008-11-13 00:10:21	10189	rifle stocks by rainbow graph	4	http://www.fish.state.pa.us
2008-11-13 00:10:21	1668667	aamerican airlines vacations.com		
2008-11-13 00:10:21	2345696	scana energy	1	http://www.scana.com
2008-11-13 00:10:21	2345696	scana energy	2	http://www.complaints.com
2008-11-13 00:10:21	3476984	robertmorri.edu		
2008-11-13 00:10:21	3522855	ww.spiegel.com		
2008-11-13 00:10:21	988541	pontoon		
2008-11-13 00:10:23	1289748	olvia cosby show	1	http://www.everything2.com
2008-11-13 00:10:24	2322410	marykayintouch	1	http://www.marykayintouch.com
2008-11-13 00:10:24	2699317	ce emc gs ul csa	1	http://www.mainlandmart.com
